creation_time,property1,property2,property3,property4,property5,details,local_key,trial_id,asset_id,type,vars
2025-04-13 15:41:34.32311,,,,,,{},stimulus_audio,1,1,psynet.asset.AssetTrial,{}
2025-04-13 15:41:34.323122,,,,,,{},stimulus_info,1,2,psynet.asset.AssetTrial,{}
2025-04-13 15:43:03.655179,,,,,,{},trial_main_page,1,7,psynet.asset.AssetTrial,{}
2025-04-13 15:43:03.769704,,,,,,{},stimulus_audio,2,3,psynet.asset.AssetTrial,{}
2025-04-13 15:43:03.769713,,,,,,{},stimulus_info,2,4,psynet.asset.AssetTrial,{}
2025-04-13 15:43:12.815388,,,,,,{},recording_analysis_plot,1,8,psynet.asset.AssetTrial,{}
2025-04-13 15:44:27.962287,,,,,,{},trial_main_page,2,9,psynet.asset.AssetTrial,{}
2025-04-13 15:44:32.861028,,,,,,{},recording_analysis_plot,2,10,psynet.asset.AssetTrial,{}
