id,creation_time,property1,property2,property3,property4,property5,failed,failed_reason,time_of_death,details,label,function,arguments,pending,finished,time_started,time_finished,time_taken,_unique_key,participant_id,trial_maker_id,network_id,node_id,trial_id,response_id,asset_id,type,vars,redis_job_id,timeout,timeout_scheduled_for,cancelled
1,2025-04-13 15:43:03.67774,,,,,,f,,,{},post_trial,"{""py/function"": ""psynet.trial.main.Trial.call_async_post_trial""}","{""self"": {""py/object"": ""dallinger_experiment.experiment.TapTrialMusic"", ""identifiers"": {""id"": 1}}}",f,t,2025-04-13 15:43:05.351353,2025-04-13 15:43:12.830544,7.479250103002414,"{""label"": ""post_trial"", ""function"": {""py/function"": ""psynet.trial.main.Trial.call_async_post_trial""}, ""arguments"": {""self"": {""py/object"": ""dallinger_experiment.experiment.TapTrialMusic"", ""identifiers"": {""id"": 1}}}}",1,music_tapping,,,1,,,psynet.process.WorkerAsyncProcess,{},,300,2025-04-13 15:48:03.668617,f
2,2025-04-13 15:43:12.818298,,,,,,f,,,{},_call_receive_deposit,"{""py/function"": ""psynet.asset.AssetStorage._call_receive_deposit""}","{""asset"": {""py/object"": ""psynet.trial.record.RecordingAnalysisPlot"", ""identifiers"": {""id"": 8}}, ""host_path"": ""experiments/beat-finding-experiment__mode=debug__launch=2025-04-13--15-39-28/music_tapping/participants/participant_1/node_1__trial_1__recording_analysis_plot__c541389e-a6a8-4e6c-a8b8-fd411fbab68f.png"", ""delete_input"": true, ""self"": {""py/object"": ""psynet.asset.LocalStorage"", ""_initialized"": false, ""_root"": null, ""root"": ""/Users/liamwells/psynet-data/assets""}}",f,t,2025-04-13 15:43:12.87087,2025-04-13 15:43:12.913468,0.04261841904371977,,1,,,,,,8,psynet.process.LocalAsyncProcess,{},,,,f
3,2025-04-13 15:44:27.974863,,,,,,f,,,{},post_trial,"{""py/function"": ""psynet.trial.main.Trial.call_async_post_trial""}","{""self"": {""py/object"": ""dallinger_experiment.experiment.TapTrialMusic"", ""identifiers"": {""id"": 2}}}",f,t,2025-04-13 15:44:28.032663,2025-04-13 15:44:33.380536,5.34791862295242,"{""label"": ""post_trial"", ""function"": {""py/function"": ""psynet.trial.main.Trial.call_async_post_trial""}, ""arguments"": {""self"": {""py/object"": ""dallinger_experiment.experiment.TapTrialMusic"", ""identifiers"": {""id"": 2}}}}",1,music_tapping,,,2,,,psynet.process.WorkerAsyncProcess,{},,300,2025-04-13 15:49:27.97066,f
4,2025-04-13 15:44:32.862721,,,,,,f,,,{},_call_receive_deposit,"{""py/function"": ""psynet.asset.AssetStorage._call_receive_deposit""}","{""asset"": {""py/object"": ""psynet.trial.record.RecordingAnalysisPlot"", ""identifiers"": {""id"": 10}}, ""host_path"": ""experiments/beat-finding-experiment__mode=debug__launch=2025-04-13--15-39-28/music_tapping/participants/participant_1/node_2__trial_2__recording_analysis_plot__301a42f4-da8b-41c7-a93c-467b5e9e21bb.png"", ""delete_input"": true, ""self"": {""py/object"": ""psynet.asset.LocalStorage"", ""_initialized"": false, ""_root"": null, ""root"": ""/Users/liamwells/psynet-data/assets""}}",f,t,2025-04-13 15:44:33.404021,2025-04-13 15:44:33.446376,0.04237848799675703,,1,,,,,,10,psynet.process.LocalAsyncProcess,{},,,,f
