creation_time,property1,property2,property3,property4,property5,details,id,unique_id,duration,method,endpoint,params,type
2025-04-13 15:41:11.955977,,,,,,{},1,,0.03045618097530678,GET,/ad,"{""generate_tokens"": ""true"", ""recruiter"": ""devprolific"", ""source"": ""dashboard""}",psynet.experiment.Request
2025-04-13 15:41:12.176361,,,,,,{},2,,0.2010715790092945,GET,/ad,"{""recruiter"": ""devprolific"", ""source"": ""dashboard"", ""PROLIFIC_PID"": ""6ED6D8"", ""STUDY_ID"": ""I5R1PS"", ""SESSION_ID"": ""B50OZ0""}",psynet.experiment.Request
2025-04-13 15:41:13.771436,,,,,,{},3,,0.08050766499945894,GET,/consent,"{""recruiter"": ""devprolific"", ""source"": ""dashboard"", ""PROLIFIC_PID"": ""6ED6D8"", ""STUDY_ID"": ""I5R1PS"", ""SESSION_ID"": ""B50OZ0""}",psynet.experiment.Request
2025-04-13 15:41:15.063615,,,,,,{},4,,0.027648775023408234,GET,/start,"{""recruiter"": ""devprolific"", ""source"": ""dashboard"", ""PROLIFIC_PID"": ""6ED6D8"", ""STUDY_ID"": ""I5R1PS"", ""SESSION_ID"": ""B50OZ0""}",psynet.experiment.Request
2025-04-13 15:41:15.865521,,,,,,{},5,6ED6D8:B50OZ0,0.35189767798874527,GET,/timeline,"{""unique_id"": ""6ED6D8:B50OZ0""}",psynet.experiment.Request
2025-04-13 15:41:19.502124,,,,,,{},6,,0.05713760800426826,POST,/response,{},psynet.experiment.Request
2025-04-13 15:41:19.933783,,,,,,{},7,6ED6D8:B50OZ0,0.3199554010061547,GET,/timeline,"{""unique_id"": ""6ED6D8:B50OZ0""}",psynet.experiment.Request
2025-04-13 15:41:22.165805,,,,,,{},8,,0.019159803981892765,POST,/response,{},psynet.experiment.Request
2025-04-13 15:41:22.602371,,,,,,{},9,6ED6D8:B50OZ0,0.349052683042828,GET,/timeline,"{""unique_id"": ""6ED6D8:B50OZ0""}",psynet.experiment.Request
2025-04-13 15:41:32.466038,,,,,,{},10,,0.018153059005271643,POST,/response,{},psynet.experiment.Request
2025-04-13 15:41:32.999184,,,,,,{},11,6ED6D8:B50OZ0,0.32974768796702847,GET,/timeline,"{""unique_id"": ""6ED6D8:B50OZ0""}",psynet.experiment.Request
2025-04-13 15:41:34.370151,,,,,,{},12,,0.15391429397277534,POST,/response,{},psynet.experiment.Request
2025-04-13 15:41:34.82902,,,,,,{},13,6ED6D8:B50OZ0,0.3760396969737485,GET,/timeline,"{""unique_id"": ""6ED6D8:B50OZ0""}",psynet.experiment.Request
2025-04-13 15:43:03.881229,,,,,,{},14,,0.3787675939965993,POST,/response,{},psynet.experiment.Request
2025-04-13 15:43:04.50531,,,,,,{},15,6ED6D8:B50OZ0,0.3127680150209926,GET,/timeline,"{""unique_id"": ""6ED6D8:B50OZ0""}",psynet.experiment.Request
2025-04-13 15:44:28.13074,,,,,,{},16,,0.2694281680160202,POST,/response,{},psynet.experiment.Request
2025-04-13 15:44:29.467292,,,,,,{},17,6ED6D8:B50OZ0,1.0710830860189162,GET,/timeline,"{""unique_id"": ""6ED6D8:B50OZ0""}",psynet.experiment.Request
2025-04-13 15:44:30.939129,,,,,,{},18,,0.016236210998613387,POST,/response,{},psynet.experiment.Request
2025-04-13 15:44:31.367575,,,,,,{},19,6ED6D8:B50OZ0,0.33492832496995106,GET,/timeline,"{""unique_id"": ""6ED6D8:B50OZ0""}",psynet.experiment.Request
