creation_time,property1,property2,property3,property4,property5,failed,failed_reason,time_of_death,details,id,cpu_usage_pct,ram_usage_pct,free_disk_space_gb,median_response_time,requests_per_minute,n_working_participants,extra_info,type,vars
2025-04-13 15:40:07.823881,,,,,,f,,,{},1,0,76.6,14.961284637451172,,,0,{},psynet.experiment.ExperimentStatus,{}
2025-04-13 15:40:17.792601,,,,,,f,,,{},2,0,75.8,14.94363784790039,,,0,{},psynet.experiment.ExperimentStatus,{}
2025-04-13 15:40:27.791236,,,,,,f,,,{},3,27.7,78.2,14.952251434326172,,,0,{},psynet.experiment.ExperimentStatus,{}
2025-04-13 15:40:37.78731,,,,,,f,,,{},4,0,80.4,14.943992614746094,,,0,{},psynet.experiment.ExperimentStatus,{}
2025-04-13 15:40:47.791418,,,,,,f,,,{},5,28,80.4,14.935432434082031,,,0,{},psynet.experiment.ExperimentStatus,{}
2025-04-13 15:40:57.805589,,,,,,f,,,{},6,35.8,81.3,14.93368911743164,,,0,{},psynet.experiment.ExperimentStatus,{}
2025-04-13 15:41:07.791897,,,,,,f,,,{},7,31.5,81.5,14.920230865478516,,,0,{},psynet.experiment.ExperimentStatus,{}
2025-04-13 15:41:17.821535,,,,,,f,,,{},8,25.7,84.4,14.907157897949219,0.08050766499945894,5,1,{},psynet.experiment.ExperimentStatus,{}
2025-04-13 15:41:27.798897,,,,,,f,,,{},9,100,84.1,14.890754699707031,0.1885465045052115,4,1,{},psynet.experiment.ExperimentStatus,{}
2025-04-13 15:41:37.793997,,,,,,f,,,{},10,34.6,81.3,14.871837615966797,0.2418309909699019,4,1,{},psynet.experiment.ExperimentStatus,{}
2025-04-13 15:41:47.793655,,,,,,f,,,{},11,26.3,80.3,14.871444702148438,,,1,{},psynet.experiment.ExperimentStatus,{}
2025-04-13 15:41:57.805522,,,,,,f,,,{},12,0,80.6,14.871444702148438,,,1,{},psynet.experiment.ExperimentStatus,{}
2025-04-13 15:42:07.791554,,,,,,f,,,{},13,27.7,80.8,14.871444702148438,,,1,{},psynet.experiment.ExperimentStatus,{}
2025-04-13 15:42:17.800494,,,,,,f,,,{},14,28.5,80.8,14.871360778808594,,,1,{},psynet.experiment.ExperimentStatus,{}
2025-04-13 15:42:27.796405,,,,,,f,,,{},15,0,81.6,14.871360778808594,,,1,{},psynet.experiment.ExperimentStatus,{}
2025-04-13 15:42:37.799439,,,,,,f,,,{},16,27.8,81.8,14.871360778808594,,,1,{},psynet.experiment.ExperimentStatus,{}
2025-04-13 15:42:47.789541,,,,,,f,,,{},17,27.6,82,14.870742797851562,,,1,{},psynet.experiment.ExperimentStatus,{}
2025-04-13 15:42:57.791207,,,,,,f,,,{},18,27.8,82.3,14.869583129882812,,,1,{},psynet.experiment.ExperimentStatus,{}
2025-04-13 15:43:07.81532,,,,,,f,,,{},19,29.8,81.2,14.849929809570312,0.34576780450879596,2,1,{},psynet.experiment.ExperimentStatus,{}
2025-04-13 15:43:17.791872,,,,,,f,,,{},20,39,79.2,14.847434997558594,,,1,{},psynet.experiment.ExperimentStatus,{}
2025-04-13 15:43:27.796923,,,,,,f,,,{},21,30,78.8,14.847431182861328,,,1,{},psynet.experiment.ExperimentStatus,{}
2025-04-13 15:43:37.792832,,,,,,f,,,{},22,31.7,80.5,14.847171783447266,,,1,{},psynet.experiment.ExperimentStatus,{}
2025-04-13 15:43:47.801653,,,,,,f,,,{},23,25.6,79.8,14.846092224121094,,,1,{},psynet.experiment.ExperimentStatus,{}
2025-04-13 15:43:57.793732,,,,,,f,,,{},24,26.7,80.2,14.845726013183594,,,1,{},psynet.experiment.ExperimentStatus,{}
2025-04-13 15:44:07.790785,,,,,,f,,,{},25,27.4,78.7,14.845893859863281,,,1,{},psynet.experiment.ExperimentStatus,{}
2025-04-13 15:44:17.79538,,,,,,f,,,{},26,26.9,78.9,14.845157623291016,,,1,{},psynet.experiment.ExperimentStatus,{}
2025-04-13 15:44:27.79392,,,,,,f,,,{},27,0,79.5,14.84515380859375,,,1,{},psynet.experiment.ExperimentStatus,{}
2025-04-13 15:44:37.821832,,,,,,f,,,{},28,31.8,78.4,13.81686019897461,0.30217824649298564,4,0,{},psynet.experiment.ExperimentStatus,{}
2025-04-13 15:44:47.793735,,,,,,f,,,{},29,29.9,78.8,13.816001892089844,,,0,{},psynet.experiment.ExperimentStatus,{}
2025-04-13 15:44:57.795597,,,,,,f,,,{},30,0,79.4,13.815914154052734,,,0,{},psynet.experiment.ExperimentStatus,{}
2025-04-13 15:45:07.791271,,,,,,f,,,{},31,31.2,81.9,13.815753936767578,,,0,{},psynet.experiment.ExperimentStatus,{}
2025-04-13 15:45:17.793587,,,,,,f,,,{},32,30.8,77.7,13.812259674072266,,,0,{},psynet.experiment.ExperimentStatus,{}
2025-04-13 15:45:27.793236,,,,,,f,,,{},33,31.7,77.5,13.812255859375,,,0,{},psynet.experiment.ExperimentStatus,{}
2025-04-13 15:45:37.793094,,,,,,f,,,{},34,29.2,79.2,13.81075668334961,,,0,{},psynet.experiment.ExperimentStatus,{}
2025-04-13 15:45:47.791383,,,,,,f,,,{},35,0,78.7,13.810749053955078,,,0,{},psynet.experiment.ExperimentStatus,{}
2025-04-13 15:45:57.797825,,,,,,f,,,{},36,0,78.4,13.810749053955078,,,0,{},psynet.experiment.ExperimentStatus,{}
2025-04-13 15:46:07.791135,,,,,,f,,,{},37,25.8,78.6,13.810279846191406,,,0,{},psynet.experiment.ExperimentStatus,{}
2025-04-13 15:46:17.793401,,,,,,f,,,{},38,24.4,78.9,13.811077117919922,,,0,{},psynet.experiment.ExperimentStatus,{}
2025-04-13 15:46:27.792467,,,,,,f,,,{},39,27.2,79.2,13.811073303222656,,,0,{},psynet.experiment.ExperimentStatus,{}
2025-04-13 15:46:37.791216,,,,,,f,,,{},40,28.4,79.2,13.811073303222656,,,0,{},psynet.experiment.ExperimentStatus,{}
2025-04-13 15:46:47.787795,,,,,,f,,,{},41,22.1,80.9,13.807220458984375,,,0,{},psynet.experiment.ExperimentStatus,{}
2025-04-13 15:46:57.793631,,,,,,f,,,{},42,21.1,79.9,13.807159423828125,,,0,{},psynet.experiment.ExperimentStatus,{}
2025-04-13 15:47:07.791152,,,,,,f,,,{},43,21.8,80.3,13.807147979736328,,,0,{},psynet.experiment.ExperimentStatus,{}
2025-04-13 15:47:17.791803,,,,,,f,,,{},44,27.6,78.6,13.805500030517578,,,0,{},psynet.experiment.ExperimentStatus,{}
2025-04-13 15:47:27.793942,,,,,,f,,,{},45,40.6,77.1,13.797744750976562,,,0,{},psynet.experiment.ExperimentStatus,{}
2025-04-13 15:47:37.793149,,,,,,f,,,{},46,27.2,78.4,13.798641204833984,,,0,{},psynet.experiment.ExperimentStatus,{}
2025-04-13 15:47:47.790336,,,,,,f,,,{},47,26.5,78.6,13.797550201416016,,,0,{},psynet.experiment.ExperimentStatus,{}
2025-04-13 15:47:57.797732,,,,,,f,,,{},48,24.7,78.6,13.797550201416016,,,0,{},psynet.experiment.ExperimentStatus,{}
2025-04-13 15:48:07.795591,,,,,,f,,,{},49,27.2,79.9,13.797595977783203,,,0,{},psynet.experiment.ExperimentStatus,{}
2025-04-13 15:48:17.792872,,,,,,f,,,{},50,26.9,80.3,13.799701690673828,,,0,{},psynet.experiment.ExperimentStatus,{}
2025-04-13 15:48:27.795039,,,,,,f,,,{},51,24.5,77.4,13.798725128173828,,,0,{},psynet.experiment.ExperimentStatus,{}
2025-04-13 15:48:37.792982,,,,,,f,,,{},52,26.4,78.6,13.802520751953125,,,0,{},psynet.experiment.ExperimentStatus,{}
2025-04-13 15:48:47.795389,,,,,,f,,,{},53,33.5,79.9,13.800506591796875,,,0,{},psynet.experiment.ExperimentStatus,{}
2025-04-13 15:48:57.8162,,,,,,f,,,{},54,35.2,78.6,13.798686981201172,,,0,{},psynet.experiment.ExperimentStatus,{}
2025-04-13 15:49:07.79292,,,,,,f,,,{},55,26.4,77.9,13.792495727539062,,,0,{},psynet.experiment.ExperimentStatus,{}
2025-04-13 15:49:17.79188,,,,,,f,,,{},56,29.6,75.2,13.792217254638672,,,0,{},psynet.experiment.ExperimentStatus,{}
2025-04-13 15:49:27.790177,,,,,,f,,,{},57,33.2,75.4,12.790851593017578,,,0,{},psynet.experiment.ExperimentStatus,{}
2025-04-13 15:49:37.790041,,,,,,f,,,{},58,30,76.4,12.800445556640625,,,0,{},psynet.experiment.ExperimentStatus,{}
2025-04-13 15:49:47.794422,,,,,,f,,,{},59,21.8,75.9,12.800201416015625,,,0,{},psynet.experiment.ExperimentStatus,{}
2025-04-13 15:49:57.791026,,,,,,f,,,{},60,27.5,75.8,12.80019760131836,,,0,{},psynet.experiment.ExperimentStatus,{}
2025-04-13 15:50:07.801312,,,,,,f,,,{},61,29.3,80.5,12.799442291259766,,,0,{},psynet.experiment.ExperimentStatus,{}
2025-04-13 15:50:17.793072,,,,,,f,,,{},62,30.1,72.1,12.799015045166016,,,0,{},psynet.experiment.ExperimentStatus,{}
2025-04-13 15:50:47.790719,,,,,,f,,,{},65,27.1,75.6,12.796939849853516,,,0,{},psynet.experiment.ExperimentStatus,{}
2025-04-13 15:52:27.791296,,,,,,f,,,{},75,24,78.5,12.79391860961914,,,0,{},psynet.experiment.ExperimentStatus,{}
2025-04-13 15:53:37.793204,,,,,,f,,,{},82,24,77.8,13.7996826171875,,,0,{},psynet.experiment.ExperimentStatus,{}
2025-04-13 15:54:07.79557,,,,,,f,,,{},85,24.3,78.4,13.80374526977539,,,0,{},psynet.experiment.ExperimentStatus,{}
2025-04-13 15:54:57.793008,,,,,,f,,,{},90,19.5,77.8,13.803337097167969,,,0,{},psynet.experiment.ExperimentStatus,{}
2025-04-13 15:55:07.793013,,,,,,f,,,{},91,20.1,80.8,13.803260803222656,,,0,{},psynet.experiment.ExperimentStatus,{}
2025-04-13 15:55:17.793836,,,,,,f,,,{},92,23.3,79.4,13.803009033203125,,,0,{},psynet.experiment.ExperimentStatus,{}
2025-04-13 15:55:37.792344,,,,,,f,,,{},94,21.8,78.8,13.801990509033203,,,0,{},psynet.experiment.ExperimentStatus,{}
2025-04-13 15:56:27.797859,,,,,,f,,,{},99,22.5,79.1,13.799880981445312,,,0,{},psynet.experiment.ExperimentStatus,{}
2025-04-13 15:57:07.808942,,,,,,f,,,{},103,25.9,80.6,13.802913665771484,,,0,{},psynet.experiment.ExperimentStatus,{}
2025-04-13 15:50:27.789295,,,,,,f,,,{},63,29.1,72.8,12.798938751220703,,,0,{},psynet.experiment.ExperimentStatus,{}
2025-04-13 15:51:07.796581,,,,,,f,,,{},67,27,76.6,12.796882629394531,,,0,{},psynet.experiment.ExperimentStatus,{}
2025-04-13 15:52:37.794031,,,,,,f,,,{},76,24,77.1,13.798725128173828,,,0,{},psynet.experiment.ExperimentStatus,{}
2025-04-13 15:52:47.788141,,,,,,f,,,{},77,23.7,77.3,13.79751205444336,,,0,{},psynet.experiment.ExperimentStatus,{}
2025-04-13 15:54:17.791957,,,,,,f,,,{},86,25.1,78.4,13.80356216430664,,,0,{},psynet.experiment.ExperimentStatus,{}
2025-04-13 15:54:27.79817,,,,,,f,,,{},87,22.5,78.5,13.803558349609375,,,0,{},psynet.experiment.ExperimentStatus,{}
2025-04-13 15:55:27.79086,,,,,,f,,,{},93,23.9,79.8,13.801994323730469,,,0,{},psynet.experiment.ExperimentStatus,{}
2025-04-13 15:55:47.792984,,,,,,f,,,{},95,21.6,79.6,13.801010131835938,,,0,{},psynet.experiment.ExperimentStatus,{}
2025-04-13 15:56:37.791982,,,,,,f,,,{},100,23.1,80.7,13.799880981445312,,,0,{},psynet.experiment.ExperimentStatus,{}
2025-04-13 15:56:57.795079,,,,,,f,,,{},102,23.7,79.8,13.80389404296875,,,0,{},psynet.experiment.ExperimentStatus,{}
2025-04-13 15:50:37.793316,,,,,,f,,,{},64,28.6,74.7,12.798938751220703,,,0,{},psynet.experiment.ExperimentStatus,{}
2025-04-13 15:50:57.795217,,,,,,f,,,{},66,27.5,76.2,12.796886444091797,,,0,{},psynet.experiment.ExperimentStatus,{}
2025-04-13 15:51:17.788352,,,,,,f,,,{},68,28.4,76.7,12.795982360839844,,,0,{},psynet.experiment.ExperimentStatus,{}
2025-04-13 15:51:27.793669,,,,,,f,,,{},69,24.9,76.9,12.795982360839844,,,0,{},psynet.experiment.ExperimentStatus,{}
2025-04-13 15:51:37.794341,,,,,,f,,,{},70,26.7,76.7,12.795982360839844,,,0,{},psynet.experiment.ExperimentStatus,{}
2025-04-13 15:52:17.794791,,,,,,f,,,{},74,24.1,77.1,12.793926239013672,,,0,{},psynet.experiment.ExperimentStatus,{}
2025-04-13 15:54:47.792604,,,,,,f,,,{},89,19.8,79.1,13.803340911865234,,,0,{},psynet.experiment.ExperimentStatus,{}
2025-04-13 15:55:57.796446,,,,,,f,,,{},96,23.2,79.2,13.800975799560547,,,0,{},psynet.experiment.ExperimentStatus,{}
2025-04-13 15:56:47.788398,,,,,,f,,,{},101,27.7,79.4,13.80389404296875,,,0,{},psynet.experiment.ExperimentStatus,{}
2025-04-13 15:57:47.790093,,,,,,f,,,{},107,27.6,77.5,13.800621032714844,,,0,{},psynet.experiment.ExperimentStatus,{}
2025-04-13 15:57:57.793319,,,,,,f,,,{},108,30.5,78,13.800582885742188,,,0,{},psynet.experiment.ExperimentStatus,{}
2025-04-13 15:58:07.792706,,,,,,f,,,{},109,24.6,78.8,13.800594329833984,,,0,{},psynet.experiment.ExperimentStatus,{}
2025-04-13 15:51:47.792858,,,,,,f,,,{},71,26.1,76.7,12.795001983642578,,,0,{},psynet.experiment.ExperimentStatus,{}
2025-04-13 15:51:57.798152,,,,,,f,,,{},72,24.4,77,12.795001983642578,,,0,{},psynet.experiment.ExperimentStatus,{}
2025-04-13 15:52:07.795483,,,,,,f,,,{},73,23.6,77.2,12.795013427734375,,,0,{},psynet.experiment.ExperimentStatus,{}
2025-04-13 15:52:57.792905,,,,,,f,,,{},78,24.8,78,13.796234130859375,,,0,{},psynet.experiment.ExperimentStatus,{}
2025-04-13 15:53:17.79453,,,,,,f,,,{},80,25.1,78.3,13.7996826171875,,,0,{},psynet.experiment.ExperimentStatus,{}
2025-04-13 15:53:27.801215,,,,,,f,,,{},81,24,78.3,13.7996826171875,,,0,{},psynet.experiment.ExperimentStatus,{}
2025-04-13 15:53:57.793779,,,,,,f,,,{},84,24.3,78.2,13.800838470458984,,,0,{},psynet.experiment.ExperimentStatus,{}
2025-04-13 15:54:37.793524,,,,,,f,,,{},88,23.9,79.8,13.803531646728516,,,0,{},psynet.experiment.ExperimentStatus,{}
2025-04-13 15:56:07.795103,,,,,,f,,,{},97,25.2,78.8,13.800975799560547,,,0,{},psynet.experiment.ExperimentStatus,{}
2025-04-13 15:57:37.790835,,,,,,f,,,{},106,23.6,78.1,13.800621032714844,,,0,{},psynet.experiment.ExperimentStatus,{}
2025-04-13 15:53:07.792469,,,,,,f,,,{},79,24.1,78.1,13.796218872070312,,,0,{},psynet.experiment.ExperimentStatus,{}
2025-04-13 15:53:47.801976,,,,,,f,,,{},83,23.8,78.5,13.799556732177734,,,0,{},psynet.experiment.ExperimentStatus,{}
2025-04-13 15:56:17.793009,,,,,,f,,,{},98,23,80.6,13.799877166748047,,,0,{},psynet.experiment.ExperimentStatus,{}
2025-04-13 15:57:17.794402,,,,,,f,,,{},104,26.9,75.9,13.80291748046875,,,0,{},psynet.experiment.ExperimentStatus,{}
2025-04-13 15:57:27.798254,,,,,,f,,,{},105,24.2,78.5,13.802680969238281,,,0,{},psynet.experiment.ExperimentStatus,{}
2025-04-13 15:58:17.789748,,,,,,f,,,{},110,24.5,73.4,13.80392837524414,,,0,{},psynet.experiment.ExperimentStatus,{}
2025-04-13 15:58:27.792281,,,,,,f,,,{},111,27.1,74.5,13.803924560546875,,,0,{},psynet.experiment.ExperimentStatus,{}
2025-04-13 15:58:37.800242,,,,,,f,,,{},112,19.8,73.8,13.803924560546875,,,0,{},psynet.experiment.ExperimentStatus,{}
2025-04-13 15:58:47.795978,,,,,,f,,,{},113,26.7,73.9,13.802810668945312,,,0,{},psynet.experiment.ExperimentStatus,{}
2025-04-13 15:58:57.791321,,,,,,f,,,{},114,18.9,73.5,13.802810668945312,,,0,{},psynet.experiment.ExperimentStatus,{}
2025-04-13 15:59:07.79346,,,,,,f,,,{},115,26.2,75.6,13.802745819091797,,,0,{},psynet.experiment.ExperimentStatus,{}
2025-04-13 15:59:17.801506,,,,,,f,,,{},116,25.1,76.3,13.80276870727539,,,0,{},psynet.experiment.ExperimentStatus,{}
2025-04-13 15:59:27.794217,,,,,,f,,,{},117,24.8,78.6,13.797107696533203,,,0,{},psynet.experiment.ExperimentStatus,{}
2025-04-13 15:59:37.806698,,,,,,f,,,{},118,26,77.9,13.79891586303711,,,0,{},psynet.experiment.ExperimentStatus,{}
2025-04-13 15:59:47.789108,,,,,,f,,,{},119,26,78.3,13.79888916015625,,,0,{},psynet.experiment.ExperimentStatus,{}
2025-04-13 15:59:57.794526,,,,,,f,,,{},120,26.8,79.5,13.80270004272461,,,0,{},psynet.experiment.ExperimentStatus,{}
2025-04-13 16:00:07.791372,,,,,,f,,,{},121,26.7,78.7,13.801887512207031,,,0,{},psynet.experiment.ExperimentStatus,{}
2025-04-13 16:00:17.789567,,,,,,f,,,{},122,27.1,75.4,13.801578521728516,,,0,{},psynet.experiment.ExperimentStatus,{}
2025-04-13 16:00:27.788994,,,,,,f,,,{},123,25.6,74.5,13.801570892333984,,,0,{},psynet.experiment.ExperimentStatus,{}
2025-04-13 16:00:37.789034,,,,,,f,,,{},124,32.2,75.3,13.799625396728516,,,0,{},psynet.experiment.ExperimentStatus,{}
2025-04-13 16:00:47.788946,,,,,,f,,,{},125,29.4,76.1,13.79947280883789,,,0,{},psynet.experiment.ExperimentStatus,{}
2025-04-13 16:00:57.793494,,,,,,f,,,{},126,29.7,77.3,13.7994384765625,,,0,{},psynet.experiment.ExperimentStatus,{}
