id,creation_time,property1,property2,property3,property4,property5,failed,failed_reason,time_of_death,details,type,vars,participant_id,question,answer,page_type,successful_validation,client_ip_address,metadata_
1,2025-04-13 15:41:19.472427,,,,,,f,,,{},psynet.timeline.Response,{},1,info,,InfoPage,t,127.0.0.1,"{""time_taken"": 3.182, ""platform"": ""Chrome 135.0.0.0 on OS X 10.15.7 64-bit"", ""download_speed_megabits_per_sec"": 1.55, ""event_log"": [{""eventType"": ""trialConstruct"", ""localTime"": ""2025-04-13T13:41:16.274Z"", ""info"": null}, {""eventType"": ""trialPrepare"", ""localTime"": ""2025-04-13T13:41:16.825Z"", ""info"": null}, {""eventType"": ""trialStart"", ""localTime"": ""2025-04-13T13:41:16.829Z"", ""info"": null}, {""eventType"": ""responseEnable"", ""localTime"": ""2025-04-13T13:41:16.838Z"", ""info"": null}, {""eventType"": ""submitEnable"", ""localTime"": ""2025-04-13T13:41:16.838Z"", ""info"": null}], ""prompt"": {""text"": ""\n        <h3>Welcome</h3>\n        <hr>\n        In this experiment, you will hear music and be asked to synchronize to the beat by tapping with your finger.\n        <br><br>\n        Press <b>next</b> when you are ready to start.\n        <hr>\n        ""}, ""control"": {}}"
2,2025-04-13 15:41:22.163637,,,,,,f,,,{},psynet.timeline.Response,{},1,info,,InfoPage,t,127.0.0.1,"{""time_taken"": 1.22, ""platform"": ""Chrome 135.0.0.0 on OS X 10.15.7 64-bit"", ""download_speed_megabits_per_sec"": 1.55, ""event_log"": [{""eventType"": ""trialConstruct"", ""localTime"": ""2025-04-13T13:41:20.943Z"", ""info"": null}, {""eventType"": ""trialPrepare"", ""localTime"": ""2025-04-13T13:41:20.969Z"", ""info"": null}, {""eventType"": ""trialStart"", ""localTime"": ""2025-04-13T13:41:20.974Z"", ""info"": null}, {""eventType"": ""responseEnable"", ""localTime"": ""2025-04-13T13:41:20.984Z"", ""info"": null}, {""eventType"": ""submitEnable"", ""localTime"": ""2025-04-13T13:41:20.984Z"", ""info"": null}], ""prompt"": {""text"": ""\n                      <h3>Requirements</h3>\n                      <hr>\n                      <b>Throughout the experiment, it is very important to <b>ONLY</b> use the laptop speakers and be in a silent environment.\n                      <br><br>\n                      <i>Please do not use headphones, earphones, external speakers, or wireless devices (unplug or deactivate them now)</i>\n                      <hr>\n                      <img style=\""width:70%\"" src=\""https://s3.amazonaws.com/repp-materials/REPP-image_rules.png\"" alt=\""rules_image\"">\n                      ""}, ""control"": {}}"
3,2025-04-13 15:41:32.463609,,,,,,f,,,{},psynet.timeline.Response,{},1,volume_test,,ModularPage,t,127.0.0.1,"{""time_taken"": 9.55, ""platform"": ""Chrome 135.0.0.0 on OS X 10.15.7 64-bit"", ""download_speed_megabits_per_sec"": 1.55, ""event_log"": [{""eventType"": ""trialConstruct"", ""localTime"": ""2025-04-13T13:41:22.916Z"", ""info"": null}, {""eventType"": ""trialPrepare"", ""localTime"": ""2025-04-13T13:41:26.846Z"", ""info"": null}, {""eventType"": ""trialStart"", ""localTime"": ""2025-04-13T13:41:26.847Z"", ""info"": null}, {""eventType"": ""promptStart"", ""localTime"": ""2025-04-13T13:41:26.858Z"", ""info"": null}, {""eventType"": ""responseEnable"", ""localTime"": ""2025-04-13T13:41:26.860Z"", ""info"": null}, {""eventType"": ""audioMeterMinimalTime"", ""localTime"": ""2025-04-13T13:41:31.854Z"", ""info"": null}, {""eventType"": ""submitEnable"", ""localTime"": ""2025-04-13T13:41:31.864Z"", ""info"": null}], ""microphone"": {""label"": ""Default - MacBook Pro Microphone (Built-in)"", ""enabled"": true, ""muted"": false, ""channelCount"": 1, ""autoGainControl"": false, ""echoCancellation"": false, ""noiseSuppression"": false, ""latency"": 0.002902, ""sampleRate"": 44100, ""sampleSize"": 16}, ""prompt"": {""text"": ""\n            <h3>Volume test</h3>\n            <hr>\n            <h4>We will begin by calibrating your audio volume:</h4>\n            <ol>\n                <li>A music clip is playing to help you find the right volume in your laptop speakers.</li>\n                <li>Set the volume in your laptop to approximately 90% of the maximum.</li>\n                <li><b>The sound meter</b> below indicates whether the audio volume is at the right level.</li>\n                <li>If necessary, turn up the volume on your laptop until the sound meter consistently indicates that\n                the volume is <b style=\""color:green;\"">\""just right\""</b>.\n            </ol>\n            <hr>\n            "", ""url"": ""https://s3.amazonaws.com/repp-materials/calibrate.prepared.wav"", ""play_window"": [null, null]}, ""control"": {}}"
4,2025-04-13 15:41:34.236157,,,,,,f,,,{},psynet.timeline.Response,{},1,info,,InfoPage,t,127.0.0.1,"{""time_taken"": 0.857, ""platform"": ""Chrome 135.0.0.0 on OS X 10.15.7 64-bit"", ""download_speed_megabits_per_sec"": 1.55, ""event_log"": [{""eventType"": ""trialConstruct"", ""localTime"": ""2025-04-13T13:41:33.376Z"", ""info"": null}, {""eventType"": ""trialPrepare"", ""localTime"": ""2025-04-13T13:41:33.391Z"", ""info"": null}, {""eventType"": ""trialStart"", ""localTime"": ""2025-04-13T13:41:33.395Z"", ""info"": null}, {""eventType"": ""responseEnable"", ""localTime"": ""2025-04-13T13:41:33.407Z"", ""info"": null}, {""eventType"": ""submitEnable"", ""localTime"": ""2025-04-13T13:41:33.407Z"", ""info"": null}], ""prompt"": {""text"": ""\n        <h3>Tapping to Music</h3>\n        <hr>\n        You will now listen to music.\n        <br><br>\n        <b>Your goal is to tap in time with the beat of the music until the music ends.</b>\n        <br><br>\n        There is no metronome. Tap when you feel the beat.\n        <hr>\n        ""}, ""control"": {}}"
5,2025-04-13 15:43:03.646708,,,,,,f,,,{},psynet.timeline.Response,{},1,trial_main_page,"{""origin"": ""AudioRecordControl"", ""supports_record_trial"": true, ""asset_id"": 7, ""url"": ""/static/assets/experiments/beat-finding-experiment__mode%3Ddebug__launch%3D2025-04-13--15-39-28/music_tapping/participants/participant_1/node_1__trial_1__trial_main_page__f01b1a50-ea8d-4a8b-87b2-7e7c1cc115b1.wav"", ""duration_sec"": 80.0}",ModularPage,t,127.0.0.1,"{""time_taken"": 88.383, ""platform"": ""Chrome 135.0.0.0 on OS X 10.15.7 64-bit"", ""download_speed_megabits_per_sec"": 1.55, ""event_log"": [{""eventType"": ""trialConstruct"", ""localTime"": ""2025-04-13T13:41:35.134Z"", ""info"": null}, {""eventType"": ""audioRecorderReady"", ""localTime"": ""2025-04-13T13:41:36.662Z"", ""info"": null}, {""eventType"": ""trialPrepare"", ""localTime"": ""2025-04-13T13:41:36.664Z"", ""info"": null}, {""eventType"": ""trialStart"", ""localTime"": ""2025-04-13T13:41:36.665Z"", ""info"": null}, {""eventType"": ""promptStart"", ""localTime"": ""2025-04-13T13:41:36.674Z"", ""info"": null}, {""eventType"": ""responseEnable"", ""localTime"": ""2025-04-13T13:41:36.675Z"", ""info"": null}, {""eventType"": ""recordStart"", ""localTime"": ""2025-04-13T13:41:36.685Z"", ""info"": null}, {""eventType"": ""audioFinished: prompt"", ""localTime"": ""2025-04-13T13:42:56.680Z"", ""info"": null}, {""eventType"": ""promptEnd"", ""localTime"": ""2025-04-13T13:42:56.680Z"", ""info"": null}, {""eventType"": ""recordEnd"", ""localTime"": ""2025-04-13T13:42:56.694Z"", ""info"": null}, {""eventType"": ""submitEnable"", ""localTime"": ""2025-04-13T13:42:56.881Z"", ""info"": null}, {""eventType"": ""trialFinish"", ""localTime"": ""2025-04-13T13:42:56.881Z"", ""info"": null}, {""eventType"": ""trialFinished"", ""localTime"": ""2025-04-13T13:42:56.881Z"", ""info"": null}], ""microphone"": {""label"": ""Default - MacBook Pro Microphone (Built-in)"", ""enabled"": true, ""muted"": false, ""channelCount"": 1, ""autoGainControl"": false, ""echoCancellation"": false, ""noiseSuppression"": false, ""latency"": 0.002902, ""sampleRate"": 44100, ""sampleSize"": 16}, ""prompt"": {""text"": ""\n                    <br><h3>Tap in time with the beat.</h3>\n                    Trial number 1.\n                    "", ""url"": ""/static/assets/cached/music_tapping/nodes/node_1__stimulus_audio/26f153af8aeb61d589f7e72b42100c3b"", ""play_window"": [null, null]}, ""control"": {}}"
6,2025-04-13 15:44:27.95409,,,,,,f,,,{},psynet.timeline.Response,{},1,trial_main_page,"{""origin"": ""AudioRecordControl"", ""supports_record_trial"": true, ""asset_id"": 9, ""url"": ""/static/assets/experiments/beat-finding-experiment__mode%3Ddebug__launch%3D2025-04-13--15-39-28/music_tapping/participants/participant_1/node_2__trial_2__trial_main_page__b607a818-beff-492d-a92e-fa6fae40d646.wav"", ""duration_sec"": 80.0}",ModularPage,t,127.0.0.1,"{""time_taken"": 82.916, ""platform"": ""Chrome 135.0.0.0 on OS X 10.15.7 64-bit"", ""download_speed_megabits_per_sec"": 1.55, ""event_log"": [{""eventType"": ""trialConstruct"", ""localTime"": ""2025-04-13T13:43:04.961Z"", ""info"": null}, {""eventType"": ""audioRecorderReady"", ""localTime"": ""2025-04-13T13:43:06.678Z"", ""info"": null}, {""eventType"": ""trialPrepare"", ""localTime"": ""2025-04-13T13:43:06.685Z"", ""info"": null}, {""eventType"": ""trialStart"", ""localTime"": ""2025-04-13T13:43:06.685Z"", ""info"": null}, {""eventType"": ""promptStart"", ""localTime"": ""2025-04-13T13:43:06.695Z"", ""info"": null}, {""eventType"": ""responseEnable"", ""localTime"": ""2025-04-13T13:43:06.697Z"", ""info"": null}, {""eventType"": ""recordStart"", ""localTime"": ""2025-04-13T13:43:06.707Z"", ""info"": null}, {""eventType"": ""audioFinished: prompt"", ""localTime"": ""2025-04-13T13:44:26.703Z"", ""info"": null}, {""eventType"": ""promptEnd"", ""localTime"": ""2025-04-13T13:44:26.703Z"", ""info"": null}, {""eventType"": ""recordEnd"", ""localTime"": ""2025-04-13T13:44:26.718Z"", ""info"": null}, {""eventType"": ""submitEnable"", ""localTime"": ""2025-04-13T13:44:26.908Z"", ""info"": null}, {""eventType"": ""trialFinish"", ""localTime"": ""2025-04-13T13:44:26.908Z"", ""info"": null}, {""eventType"": ""trialFinished"", ""localTime"": ""2025-04-13T13:44:26.909Z"", ""info"": null}], ""microphone"": {""label"": ""Default - MacBook Pro Microphone (Built-in)"", ""enabled"": true, ""muted"": false, ""channelCount"": 1, ""autoGainControl"": false, ""echoCancellation"": false, ""noiseSuppression"": false, ""latency"": 0.002902, ""sampleRate"": 44100, ""sampleSize"": 16}, ""prompt"": {""text"": ""\n                    <br><h3>Tap in time with the beat.</h3>\n                    Trial number 2.\n                    "", ""url"": ""/static/assets/cached/music_tapping/nodes/node_2__stimulus_audio/31a7e8e0a295cb45b98f70ad4363db71"", ""play_window"": [null, null]}, ""control"": {}}"
7,2025-04-13 15:44:30.937139,,,,,,f,,,{},psynet.timeline.Response,{},1,SuccessfulEndLogic,"""Finish""",ModularPage,t,127.0.0.1,"{""time_taken"": 0.897, ""platform"": ""Chrome 135.0.0.0 on OS X 10.15.7 64-bit"", ""download_speed_megabits_per_sec"": 1.55, ""event_log"": [{""eventType"": ""trialConstruct"", ""localTime"": ""2025-04-13T13:44:30.043Z"", ""info"": null}, {""eventType"": ""trialPrepare"", ""localTime"": ""2025-04-13T13:44:30.055Z"", ""info"": null}, {""eventType"": ""trialStart"", ""localTime"": ""2025-04-13T13:44:30.062Z"", ""info"": null}, {""eventType"": ""responseEnable"", ""localTime"": ""2025-04-13T13:44:30.072Z"", ""info"": null}, {""eventType"": ""submitEnable"", ""localTime"": ""2025-04-13T13:44:30.073Z"", ""info"": null}, {""eventType"": ""pushButtonClicked"", ""localTime"": ""2025-04-13T13:44:30.912Z"", ""info"": {""buttonId"": ""Finish""}}], ""prompt"": {""text"": ""<span>\n  <span>That's the end of the experiment!</span>\n  <span>Thank you for taking part.</span>\n  <p class=\""vspace\""></p>\n  <p>Please click &quot;Finish&quot; to complete the HIT.</p>\n</span>""}, ""control"": {""choices"": [""Finish""], ""labels"": {""py/id"": 11}}}"
